[Header],,,
FileFormatVersion,2,,
,,,
[Reads],,,
Read1Cycles,125,,
,,,
[BCLConvert_Settings],,,
AdapterRead1,,,
AdapterRead2,,, 
,,,
[BCLConvert_Data],,,
Lane,Sample_ID,index,index2,Sample_Project,
1,S01-TOO-12plex-P1-rep1,ATCCACTG,AGGTGCGT,2022_000
1,S02-TOO-12plex-P1-rep2,GCTTGTCA,GAACATAC,2022_000
1,S03-TOO-12plex-P1-rep3,GCTTGTCA,GAACATAC,2022_000
1,S04-TOO-12plex-P1-rep4,GCTTGTCA,GAACATAC,2022_000
,,,
[Yggdrasil_Settings],,,
Pipeline,SeqOnly,,
FlowCellSerialBarcode,ABCD1234,,
,,,
[Yggdrasil_Data],,,
Sample_ID,,,
S01-TOO-12plex-P1-rep1,,,
S02-TOO-12plex-P1-rep2,,,
S03-TOO-12plex-P1-rep3,,,
S04-TOO-12plex-P1-rep4,,,
